pmid,gene,typed_status,readout_comparability,marson_strongest_de,marson_strongest_condition,title,claim_sentence
39663454,KLF2,evidence_attached,comparable,987,Rest,Central control of dynamic gene circuits governs T cell rest and activation.,"MED12 was required for histone methylation and expression of genes encoding key context-specific regulators, including the rest maintenance factor KLF2 and the versatile regulator MYC."
39663454,MED12,evidence_attached,comparable,4142,Stim8hr,Central control of dynamic gene circuits governs T cell rest and activation.,"MED12 - a component of the Mediator complex - serves as a dynamic orchestrator of key regulators, controlling expression of distinct sets of regulators in different T cell contexts."
39663454,MED12,evidence_attached,comparable,4142,Stim8hr,Central control of dynamic gene circuits governs T cell rest and activation.,"MED12 was required for histone methylation and expression of genes encoding key context-specific regulators, including the rest maintenance factor KLF2 and the versatile regulator MYC."
39663454,MYC,evidence_attached,comparable,676,Stim8hr,Central control of dynamic gene circuits governs T cell rest and activation.,"MED12 was required for histone methylation and expression of genes encoding key context-specific regulators, including the rest maintenance factor KLF2 and the versatile regulator MYC."
40545244,CD274,orthogonal_phenotype,orthogonal_phenotype,167,Stim8hr,Fusion of spatiotemporal and network models to prioritize multiscale effects in single-cell perturbations.,"In melanoma, Perturb-STNet uncovered regulators like KLRG1 and CD79b, along with mediating pairs and triples (IgD-H2kb, PDL1-H2kb, NKP46-CD117, and FOXP3-CD5-CD25), revealing therapeutic strategies including checkpoint inhibition by targeting PDL1-H2kb to restore CD8+ T cell function, Treg depletion through inhibition of FOXP3-CD5-CD25 axis, and NK cell activation by enhancing NKP46-CD117 interactions."
40545244,CD5,orthogonal_phenotype,orthogonal_phenotype,1201,Stim48hr,Fusion of spatiotemporal and network models to prioritize multiscale effects in single-cell perturbations.,"In melanoma, Perturb-STNet uncovered regulators like KLRG1 and CD79b, along with mediating pairs and triples (IgD-H2kb, PDL1-H2kb, NKP46-CD117, and FOXP3-CD5-CD25), revealing therapeutic strategies including checkpoint inhibition by targeting PDL1-H2kb to restore CD8+ T cell function, Treg depletion through inhibition of FOXP3-CD5-CD25 axis, and NK cell activation by enhancing NKP46-CD117 interactions."
40545244,FOXP3,orthogonal_phenotype,orthogonal_phenotype,4,Stim48hr,Fusion of spatiotemporal and network models to prioritize multiscale effects in single-cell perturbations.,"In melanoma, Perturb-STNet uncovered regulators like KLRG1 and CD79b, along with mediating pairs and triples (IgD-H2kb, PDL1-H2kb, NKP46-CD117, and FOXP3-CD5-CD25), revealing therapeutic strategies including checkpoint inhibition by targeting PDL1-H2kb to restore CD8+ T cell function, Treg depletion through inhibition of FOXP3-CD5-CD25 axis, and NK cell activation by enhancing NKP46-CD117 interactions."
40545244,IL2RA,orthogonal_phenotype,orthogonal_phenotype,25,Stim48hr,Fusion of spatiotemporal and network models to prioritize multiscale effects in single-cell perturbations.,"In melanoma, Perturb-STNet uncovered regulators like KLRG1 and CD79b, along with mediating pairs and triples (IgD-H2kb, PDL1-H2kb, NKP46-CD117, and FOXP3-CD5-CD25), revealing therapeutic strategies including checkpoint inhibition by targeting PDL1-H2kb to restore CD8+ T cell function, Treg depletion through inhibition of FOXP3-CD5-CD25 axis, and NK cell activation by enhancing NKP46-CD117 interactions."
40545244,KLRG1,orthogonal_phenotype,orthogonal_phenotype,,,Fusion of spatiotemporal and network models to prioritize multiscale effects in single-cell perturbations.,"In melanoma, Perturb-STNet uncovered regulators like KLRG1 and CD79b, along with mediating pairs and triples (IgD-H2kb, PDL1-H2kb, NKP46-CD117, and FOXP3-CD5-CD25), revealing therapeutic strategies including checkpoint inhibition by targeting PDL1-H2kb to restore CD8+ T cell function, Treg depletion through inhibition of FOXP3-CD5-CD25 axis, and NK cell activation by enhancing NKP46-CD117 interactions."
40955316,FOXP3,contradicted,comparable,4,Stim48hr,Effects of CRISPR-Cas9-mediated &lt;i&gt;FOXP3&lt;/i&gt; knockout on CAR T cell potency.,"While the transcription factor forkhead box protein P3 (FOXP3) is primarily known for its role in regulatory T cell development and maintenance, recent studies suggest it may also influence effector T cell function."
41074026,TRAT1,contradicted,comparable,4,Stim48hr,T cell receptor associated transmembrane adaptor 1 (TRAT1) modulates human Th17 and Treg responses via PI3-kinase and STAT dependent mechanisms.,"Overexpression and CRISPR/Cas9-mediated knockout of TRAT1 in Treg enhanced suppression of CD4+ target cells via up-regulation of LAP/GARP but reduced suppression of CD8+ target cells, an effect confirmed in HLA-A2-specific CAR Treg in a human organoid model of allo-rejection.ConclusionsTRAT1 acts as a dual regulator of human CD4+ T cell function, limiting effector activation through modulation of intracellular signaling and supporting regulatory T cell-mediated suppression."
41074026,TRAT1,contradicted,comparable,4,Stim48hr,T cell receptor associated transmembrane adaptor 1 (TRAT1) modulates human Th17 and Treg responses via PI3-kinase and STAT dependent mechanisms.,"T cell Receptor Associated Transmembrane Adaptor 1 (TRAT1) has been implicated in modulating TCR complex stability, but its functional role in human effector and regulatory CD4+ T cell subsets remains poorly understood."
41074026,TRAT1,contradicted,comparable,4,Stim48hr,T cell receptor associated transmembrane adaptor 1 (TRAT1) modulates human Th17 and Treg responses via PI3-kinase and STAT dependent mechanisms.,"This study aimed to elucidate the role of TRAT1 in regulating T cell activation and differentiation, particularly in helper T cells function and regulatory T cells.MethodsPrimary human CD4+ T cells, including thymus-derived and induced regulatory T cells (Treg), were genetically modified by CRISPR/Cas9-mediated gene deletion or retro-/lentiviral overexpression of TRAT1."
41261174,CD274,evidence_attached,comparable,167,Stim8hr,Druggable genome CRISPR screening identifies the KEAP1/NRF2 axis as a mediator of PD-L1 expression.,"However, the key regulators and molecular mechanisms mediating rapid PD-L1 induction are yet to be understood entirely."
41261174,CD274,orthogonal_phenotype,orthogonal_phenotype,167,Stim8hr,Druggable genome CRISPR screening identifies the KEAP1/NRF2 axis as a mediator of PD-L1 expression.,Identifying how cancer cells increase PD-L1 expression may yield clinically relevant immune checkpoint regulators.
41261174,CD274,orthogonal_phenotype,orthogonal_phenotype,167,Stim8hr,Druggable genome CRISPR screening identifies the KEAP1/NRF2 axis as a mediator of PD-L1 expression.,The screening recovered the known regulators of PD-L1 expression and uncovered several novel regulators of PD-L1 that control its expression in all cell lines or in a cancer-type-specific fashion.
41377664,BAP1,evidence_attached,comparable,258,Stim48hr,CD2 costimulation strength: A key regulator of T cell function and anti-tumor immunity that is epigenetically regulated.,These findings identify BAP1 as a central regulator of receptor expression and highlight CD2 as a tunable modulator of human T cell responses.
41377664,BAP1,evidence_attached,comparable,258,Stim48hr,CD2 costimulation strength: A key regulator of T cell function and anti-tumor immunity that is epigenetically regulated.,"To identify factors sustaining CD2 expression, we performed a genome-wide CRISPR-Cas9 screen in Jurkat T cells and discovered BAP1 and SUZ12 as regulators."
41377664,CD2,orthogonal_phenotype,orthogonal_phenotype,989,Stim48hr,CD2 costimulation strength: A key regulator of T cell function and anti-tumor immunity that is epigenetically regulated.,CD2 costimulation strength: A key regulator of T cell function and anti-tumor immunity that is epigenetically regulated..
41377664,CD2,evidence_attached,comparable,989,Stim48hr,CD2 costimulation strength: A key regulator of T cell function and anti-tumor immunity that is epigenetically regulated.,These findings identify BAP1 as a central regulator of receptor expression and highlight CD2 as a tunable modulator of human T cell responses.
41377664,CD2,evidence_attached,comparable,989,Stim48hr,CD2 costimulation strength: A key regulator of T cell function and anti-tumor immunity that is epigenetically regulated.,"To identify factors sustaining CD2 expression, we performed a genome-wide CRISPR-Cas9 screen in Jurkat T cells and discovered BAP1 and SUZ12 as regulators."
41419632,TIGIT,not_assayed,comparable,,,Preclinical evaluation of TIGIT as a target to enhance efficacy and mitigate T cell exhaustion in multiple myeloma following BCMA-CAR-T therapy.,"Collectively, these findings identify TIGIT as a critical regulator of resistance to BCMA-CAR-T therapy and highlight TIGIT blockade as a promising strategy to enhance CAR-T efficacy and overcome relapse in multiple myeloma."
41494803,FKBP8,evidence_attached,comparable,43,Stim48hr,Targeting MLCK1 uncouples immune checkpoint inhibitor-induced colitis from antitumour immunity.,"Furthermore, a pharmacological screen identified the small molecule Epicatechin, which blocks MLCK1-FKBP8 interaction and inhibits the recruitment of MLCK1 to the perijunctional actomyosin ring and prevents the intestinal barrier loss."
41514902,GPX4,not_assayed,comparable,,,LazyNet: Interpretable ODE Modeling of Sparse CRISPR Single-Cell Screens Reveals New Biological Insights.,"The resulting networks show coherent enrichment against authoritative resources (large-scale co-expression and curated functional associations) and concordance with orthogonal GPX4-knockout proteomes, recovering known ferroptosis regulators and nominating testable links in a lysosomal-mitochondrial-immune module."
41533300,CCNA2,evidence_attached,comparable,818,Stim8hr,The MAD2L1-FOXM1 axis negatively regulates CD4⁺ T cell and macrophages infiltration in lung adenocarcinoma.,"RESULTS: FOXM1 was previously identified as a key upstream regulator of MAD2L1, with co-expression analysis revealing strong positive associations with cell cycle regulators (BIRC5, BUB1B, TTK, CCNA2, DLGAP5) and negative associations with immune-related genes (IL3RA, MPEG1, NCKAP1L, GIMAP8, MS4A14)."
41533300,DLGAP5,contradicted,comparable,2,Rest,The MAD2L1-FOXM1 axis negatively regulates CD4⁺ T cell and macrophages infiltration in lung adenocarcinoma.,"RESULTS: FOXM1 was previously identified as a key upstream regulator of MAD2L1, with co-expression analysis revealing strong positive associations with cell cycle regulators (BIRC5, BUB1B, TTK, CCNA2, DLGAP5) and negative associations with immune-related genes (IL3RA, MPEG1, NCKAP1L, GIMAP8, MS4A14)."
41533300,FOXM1,evidence_attached,comparable,46,Stim48hr,The MAD2L1-FOXM1 axis negatively regulates CD4⁺ T cell and macrophages infiltration in lung adenocarcinoma.,"RESULTS: FOXM1 was previously identified as a key upstream regulator of MAD2L1, with co-expression analysis revealing strong positive associations with cell cycle regulators (BIRC5, BUB1B, TTK, CCNA2, DLGAP5) and negative associations with immune-related genes (IL3RA, MPEG1, NCKAP1L, GIMAP8, MS4A14)."
41533300,FOXM1,evidence_attached,comparable,46,Stim48hr,The MAD2L1-FOXM1 axis negatively regulates CD4⁺ T cell and macrophages infiltration in lung adenocarcinoma.,The MAD2L1-FOXM1 axis negatively regulates CD4+ T cell and macrophages infiltration in lung adenocarcinoma..
41533300,GIMAP8,contradicted,comparable,4,Rest,The MAD2L1-FOXM1 axis negatively regulates CD4⁺ T cell and macrophages infiltration in lung adenocarcinoma.,"RESULTS: FOXM1 was previously identified as a key upstream regulator of MAD2L1, with co-expression analysis revealing strong positive associations with cell cycle regulators (BIRC5, BUB1B, TTK, CCNA2, DLGAP5) and negative associations with immune-related genes (IL3RA, MPEG1, NCKAP1L, GIMAP8, MS4A14)."
41533300,IL3RA,contradicted,comparable,2,Stim48hr,The MAD2L1-FOXM1 axis negatively regulates CD4⁺ T cell and macrophages infiltration in lung adenocarcinoma.,"RESULTS: FOXM1 was previously identified as a key upstream regulator of MAD2L1, with co-expression analysis revealing strong positive associations with cell cycle regulators (BIRC5, BUB1B, TTK, CCNA2, DLGAP5) and negative associations with immune-related genes (IL3RA, MPEG1, NCKAP1L, GIMAP8, MS4A14)."
41533300,MPEG1,not_assayed,comparable,,,The MAD2L1-FOXM1 axis negatively regulates CD4⁺ T cell and macrophages infiltration in lung adenocarcinoma.,"RESULTS: FOXM1 was previously identified as a key upstream regulator of MAD2L1, with co-expression analysis revealing strong positive associations with cell cycle regulators (BIRC5, BUB1B, TTK, CCNA2, DLGAP5) and negative associations with immune-related genes (IL3RA, MPEG1, NCKAP1L, GIMAP8, MS4A14)."
41533300,NCKAP1L,evidence_attached,comparable,2947,Rest,The MAD2L1-FOXM1 axis negatively regulates CD4⁺ T cell and macrophages infiltration in lung adenocarcinoma.,"RESULTS: FOXM1 was previously identified as a key upstream regulator of MAD2L1, with co-expression analysis revealing strong positive associations with cell cycle regulators (BIRC5, BUB1B, TTK, CCNA2, DLGAP5) and negative associations with immune-related genes (IL3RA, MPEG1, NCKAP1L, GIMAP8, MS4A14)."
41632816,ITGB1,contradicted,comparable,3,Stim8hr,ITGB1 Regulates Triple-Negative Breast Cancer Development by Modulating the Tumor Microenvironment.,CRISPR scanning pinpointed a previously unrecognized functional domain essential for ITGB1's pro-tumorigenic activity.
41632816,ITGB1,orthogonal_phenotype,orthogonal_phenotype,3,Stim8hr,ITGB1 Regulates Triple-Negative Breast Cancer Development by Modulating the Tumor Microenvironment.,ITGB1 Regulates Triple-Negative Breast Cancer Development by Modulating the Tumor Microenvironment..
41632816,ITGB1,orthogonal_phenotype,orthogonal_phenotype,3,Stim8hr,ITGB1 Regulates Triple-Negative Breast Cancer Development by Modulating the Tumor Microenvironment.,"Through a series of in vivo CRISPR screens, we identified tumor-intrinsic ITGB1 as a critical regulator of triple-negative breast cancer (TNBC) development and deciphered its underlying mechanisms."
41639465,GFI1,contradicted,comparable,1,Stim48hr,Atlas-guided discovery of transcription factors for T cell programming.,We also identified HIC1 and GFI1 as shared regulators of TEXterm and TRM cell differentiation and KLF6 as a unique regulator of TRM cells.
41639465,HIC1,contradicted,comparable,6,Stim48hr,Atlas-guided discovery of transcription factors for T cell programming.,We also identified HIC1 and GFI1 as shared regulators of TEXterm and TRM cell differentiation and KLF6 as a unique regulator of TRM cells.
41639465,KLF6,contradicted,comparable,7,Rest,Atlas-guided discovery of transcription factors for T cell programming.,We also identified HIC1 and GFI1 as shared regulators of TEXterm and TRM cell differentiation and KLF6 as a unique regulator of TRM cells.
41671386,FOXP3,orthogonal_phenotype,orthogonal_phenotype,4,Stim48hr,SAICAR Drives T Regulatory Cell Differentiation and FOXP3 Maintenance to Promote Immunotherapy Resistance.,SAICAR Drives T Regulatory Cell Differentiation and FOXP3 Maintenance to Promote Immunotherapy Resistance..
41671386,PDCD1,orthogonal_phenotype,orthogonal_phenotype,2,Stim48hr,SAICAR Drives T Regulatory Cell Differentiation and FOXP3 Maintenance to Promote Immunotherapy Resistance.,Regulatory T (Treg) cells within the tumor microenvironment critically undermine the efficacy of PD-1 immune checkpoint blockade.
41717286,MECP2,orthogonal_phenotype,orthogonal_phenotype,,,microRNA-422a promotes HIV replication and innate immune evasion by targeting MECP2.,microRNA-422a promotes HIV replication and innate immune evasion by targeting MECP2..
41741465,MTOR,evidence_attached,comparable,33,Stim48hr,Context-specific regulatory genetic variation in MTOR dampens neutrophil-T cell crosstalk in pneumonia-associated sepsis.,Context-specific regulatory genetic variation in MTOR dampens neutrophil-T cell crosstalk in pneumonia-associated sepsis..
41741465,MTOR,evidence_attached,comparable,33,Stim48hr,Context-specific regulatory genetic variation in MTOR dampens neutrophil-T cell crosstalk in pneumonia-associated sepsis.,"Here, we characterise genetic variation that modulates MTOR, a critical regulator of metabolism and immune responses in sepsis."
41741465,MTOR,evidence_attached,comparable,33,Stim48hr,Context-specific regulatory genetic variation in MTOR dampens neutrophil-T cell crosstalk in pneumonia-associated sepsis.,"Our work demonstrates an epigenetic mechanism fine-tuning MTOR transcription and T cell activity via the variant-containing regulatory element, which further exhibits an allelic effect upon vitamin C treatment."
41741465,MTOR,evidence_attached,comparable,33,Stim48hr,Context-specific regulatory genetic variation in MTOR dampens neutrophil-T cell crosstalk in pneumonia-associated sepsis.,"The effects are context specific, involving a regulatory element that affects MTOR expression in activated T cells with opposite effect in neutrophils."
41759376,PLCE1,orthogonal_phenotype,orthogonal_phenotype,,,CRISPR-based metabolic screening identifies PLCE1 as a pivotal regulator of oncolytic viral antitumor immunity via tumor immune microenvironment remodeling.,CRISPR-based metabolic screening identifies PLCE1 as a pivotal regulator of oncolytic viral antitumor immunity via tumor immune microenvironment remodeling..
41759376,PLCE1,orthogonal_phenotype,orthogonal_phenotype,,,CRISPR-based metabolic screening identifies PLCE1 as a pivotal regulator of oncolytic viral antitumor immunity via tumor immune microenvironment remodeling.,This study identified phospholipase C epsilon 1 (PLCE1) as a key negative regulator of OV antitumor effects via CRISPR-Cas9 metabolic gene screening in MC38 colorectal cancer model.
41782037,CTCF,not_assayed,comparable,,,Single cell multiomic analysis of the impact of Delta-9-tetrahydrocannabinol on HIV infected CD4 T cells.,"Additionally, chromatin accessibility analysis demonstrated upregulated chromatin binding activity for the transcriptional regulator CTCF, and reduced activity for members of the ETS transcription factor family in infected cells after THC exposure."
41784457,STAT3,evidence_attached,comparable,1593,Stim48hr,"Interleukin-6-Associated Pyroptosis, Apoptosis, and Necroptosis via JAKs/STAT3-RIPK1 Axis: A Potential Mechanism for CD4 + T-Cell Depletion in Bacterial Sepsis.","This study aimed to elucidate the molecular mechanisms contributing to CD4 + T-cell depletion in sepsis, focusing specifically on the IL-6/Janus kinases (JAKs)/signal transducer and activator of transcription 3 (STAT3) signaling axis and programmed cell death.DesignProspective cohort study.SettingAdult ICUs at a university hospital.PatientsAdult sepsis and septic shock patients without any documented immune comorbidity.InterventionsNone.Measurements and main resultsA prospective analysis enrolled 151 patients (93 sepsis, 58 septic shock) and 20 controls."
41799952,TNF,orthogonal_phenotype,orthogonal_phenotype,5,Stim8hr,pH-neutralization strategy to suppress GPCR68 spatiotemporally activates T cells and enhances anti-tumor immunity.,"GPCR68 acts as a negative regulator of T cell-driven anti-tumor immunity, as evidenced by the enhanced cytokine production (IFN-γ, TNF-α) and suppressed tumor growth in T cell-specific GPCR68 knockout mice (GPCR68fl/flCD4Cre)."
41873712,KDM1A,orthogonal_phenotype,orthogonal_phenotype,2913,Stim48hr,Transcriptional Activation of SBNO2 by KDM1A Drives Immune Escape in Lung Cancer.,"Mechanistically, KDM1A acted as a transcription regulator binding to the SBNO2 promoter and positively regulated its mRNA expression in lung cancer cells."
41873712,KDM1A,orthogonal_phenotype,orthogonal_phenotype,2913,Stim48hr,Transcriptional Activation of SBNO2 by KDM1A Drives Immune Escape in Lung Cancer.,"This study unveils a novel mechanism whereby KDM1A drives immune escape in lung cancer by transcriptionally activating SBNO2, which subsequently suppresses the anti-tumor role of CD8+ T cells."
41873712,KDM1A,orthogonal_phenotype,orthogonal_phenotype,2913,Stim48hr,Transcriptional Activation of SBNO2 by KDM1A Drives Immune Escape in Lung Cancer.,Transcriptional Activation of SBNO2 by KDM1A Drives Immune Escape in Lung Cancer..
41878422,CISH,contradicted,comparable,6,Stim48hr,Cytokine inducible SH2-containing protein: a versatile negative regulator of cytokine receptor signaling.,"CISH regulates T cell production, polarization and activation through interleukin (IL)-2, IL-4 and the T cell receptor (TCR), natural killer (NK) cell production and activation via IL-15, generation and/or activation of neutrophil, dendritic cell (DC) and macrophage populations through granulocyte-macrophage colony-stimulating factor (GM-CSF), erythrocyte production via erythropoietin (EPO), and appetite control through leptin."
41878422,CISH,orthogonal_phenotype,orthogonal_phenotype,6,Stim48hr,Cytokine inducible SH2-containing protein: a versatile negative regulator of cytokine receptor signaling.,Cytokine inducible SH2-containing protein (CISH) was the founding member of the suppressor of cytokine signaling (SOCS) family of negative regulators.
41886078,CD40,not_assayed,comparable,,,Direct contact with natural killer cells reprograms monocyte-derived dendritic cells into a tolerogenic phenotype.,"We confirm that the generated DCs exhibit tolerogenic properties, marked by a reduced ability to induce allogenic T-cell activation, increased expression of regulatory mediators including IL-10 and IDO1, and decreased levels of co-stimulatory and activation markers such as CD11c, CD40, and CD44."
41886078,CD44,contradicted,comparable,4,Stim8hr,Direct contact with natural killer cells reprograms monocyte-derived dendritic cells into a tolerogenic phenotype.,"We confirm that the generated DCs exhibit tolerogenic properties, marked by a reduced ability to induce allogenic T-cell activation, increased expression of regulatory mediators including IL-10 and IDO1, and decreased levels of co-stimulatory and activation markers such as CD11c, CD40, and CD44."
41886078,IKZF1,evidence_attached,comparable,168,Stim8hr,Direct contact with natural killer cells reprograms monocyte-derived dendritic cells into a tolerogenic phenotype.,"Finally, using CRISPR knockout, we confirm the essential role of transcription factors IKZF1 and PU.1 in this process."
41906691,CD38,orthogonal_phenotype,orthogonal_phenotype,10,Stim48hr,Nebivolol prevents exhausted T cells and enhances cytotoxicity against MCF-7 breast cancer cells in a β2-adrenergic receptor-dependent manner.,"IntroductionCancers often drive T cells toward an exhausted state characterized by impaired cytotoxicity and upregulation of inhibitory receptors (PD-1, TIM-3, CD38) and transcriptional regulators (TOX, NFATc1)."
41906691,HAVCR2,orthogonal_phenotype,orthogonal_phenotype,1,Rest,Nebivolol prevents exhausted T cells and enhances cytotoxicity against MCF-7 breast cancer cells in a β2-adrenergic receptor-dependent manner.,"IntroductionCancers often drive T cells toward an exhausted state characterized by impaired cytotoxicity and upregulation of inhibitory receptors (PD-1, TIM-3, CD38) and transcriptional regulators (TOX, NFATc1)."
41906691,PDCD1,orthogonal_phenotype,orthogonal_phenotype,2,Stim48hr,Nebivolol prevents exhausted T cells and enhances cytotoxicity against MCF-7 breast cancer cells in a β2-adrenergic receptor-dependent manner.,"IntroductionCancers often drive T cells toward an exhausted state characterized by impaired cytotoxicity and upregulation of inhibitory receptors (PD-1, TIM-3, CD38) and transcriptional regulators (TOX, NFATc1)."
41906691,TOX,orthogonal_phenotype,orthogonal_phenotype,,,Nebivolol prevents exhausted T cells and enhances cytotoxicity against MCF-7 breast cancer cells in a β2-adrenergic receptor-dependent manner.,"IntroductionCancers often drive T cells toward an exhausted state characterized by impaired cytotoxicity and upregulation of inhibitory receptors (PD-1, TIM-3, CD38) and transcriptional regulators (TOX, NFATc1)."
41926218,CALR,evidence_attached,comparable,63,Rest,Tescalcin is a phagocytic checkpoint driving immune escape and limiting immunotherapeutic efficacy in hepatocellular carcinoma.,"Mechanistically, H3K4 methylation drove TESC expression in hepatoma cells, facilitating cytosolic Ca2+ buffering and attenuating endoplasmic reticulum (ER) stress-induced calreticulin (CALR) plasma membrane exposure, an essential ""eat-me"" signal."
41926218,TESC,contradicted,comparable,4,Rest,Tescalcin is a phagocytic checkpoint driving immune escape and limiting immunotherapeutic efficacy in hepatocellular carcinoma.,"Mechanistically, H3K4 methylation drove TESC expression in hepatoma cells, facilitating cytosolic Ca2+ buffering and attenuating endoplasmic reticulum (ER) stress-induced calreticulin (CALR) plasma membrane exposure, an essential ""eat-me"" signal."
41945196,HAVCR2,orthogonal_phenotype,orthogonal_phenotype,1,Rest,TIM-3 in Cardiovascular Disease.,"Purpose of reviewWe summarise the current knowledge of T-cell immunoglobulin and mucin domain-containing protein 3 (TIM-3) across innate and adaptive immune cells and compile emerging evidence in cardiovascular disease (CVD).Recent findingsImmune checkpoints have come to light as potent regulators of immune responses in tumour biology, autoimmune disease and, more recently, in CVD."
41945196,HAVCR2,orthogonal_phenotype,orthogonal_phenotype,1,Rest,TIM-3 in Cardiovascular Disease.,"TIM-3 may exert functions in the cardiovascular system, but more mechanistic research is required to investigate whether interference with TIM-3 signalling can be used to improve cardiovascular health."
41946842,CD44,contradicted,comparable,4,Stim8hr,High-content CRISPR activation screens identify synthetically lethal RNA-based mechanisms to sensitize cancer cells to targeted T cell cytotoxicity.,"First, CRISPR activation screens in melanoma cells identify functionally diverse regulators of TCR-specific cytotoxicity, including SAFB, KHDRBS1, MYC, CD44, WNT3A, WNT1 and others."
41946842,KHDRBS1,evidence_attached,comparable,936,Stim8hr,High-content CRISPR activation screens identify synthetically lethal RNA-based mechanisms to sensitize cancer cells to targeted T cell cytotoxicity.,"First, CRISPR activation screens in melanoma cells identify functionally diverse regulators of TCR-specific cytotoxicity, including SAFB, KHDRBS1, MYC, CD44, WNT3A, WNT1 and others."
41946842,MYC,evidence_attached,comparable,676,Stim8hr,High-content CRISPR activation screens identify synthetically lethal RNA-based mechanisms to sensitize cancer cells to targeted T cell cytotoxicity.,"First, CRISPR activation screens in melanoma cells identify functionally diverse regulators of TCR-specific cytotoxicity, including SAFB, KHDRBS1, MYC, CD44, WNT3A, WNT1 and others."
41946842,SAFB,contradicted,comparable,7,Rest,High-content CRISPR activation screens identify synthetically lethal RNA-based mechanisms to sensitize cancer cells to targeted T cell cytotoxicity.,"First, CRISPR activation screens in melanoma cells identify functionally diverse regulators of TCR-specific cytotoxicity, including SAFB, KHDRBS1, MYC, CD44, WNT3A, WNT1 and others."
41946842,WNT1,not_assayed,comparable,,,High-content CRISPR activation screens identify synthetically lethal RNA-based mechanisms to sensitize cancer cells to targeted T cell cytotoxicity.,"First, CRISPR activation screens in melanoma cells identify functionally diverse regulators of TCR-specific cytotoxicity, including SAFB, KHDRBS1, MYC, CD44, WNT3A, WNT1 and others."
41956544,KLRG1,orthogonal_phenotype,orthogonal_phenotype,,,Targeting the novel immune checkpoint KLRG1 is markedly therapeutic against cancer through multiple lymphocyte subsets.,The novel anti-human KLRG1 mAb enhanced human T-cell activation in vitro and significantly reduced tumor progression in humanized KLRG1 mice.ConclusionsOur findings demonstrate KLRG1 as a critical negative regulator of antitumor immunity and support KLRG1-cadherin blockade as a promising strategy for improving immunotherapy outcomes.
41958642,CXCR3,contradicted,comparable,2,Stim48hr,TGF-beta promotes human T follicular helper cell stemness properties at the expense of effector function.,"However, its precise effects on TFH effector function and stem-like properties remain poorly understood.MethodsThe dual regulatory roles of TGF-β1 in modulating TFH effector functions and stem-like properties were investigated using flow cytometry-based phenotyping, co-culture assays with memory B cells, proliferation and apoptosis assays, ELISA for antibody production, and bulk RNA sequencing of naïve-derived and blood-derived TFH cells.ResultsWe found that TGF-β1 treatment in vitro promoted human naïve CD4+ T cells differentiation into CXCR3+ TFH, but significantly attenuated their effector molecule expression and TFH-mediated memory B-cell differentiation and antibody production, whereas it enhanced the expression of stemness-associated molecules in TFH cells both differentiated in vitro from naïve CD4+ T cells and isolated from blood."
41963297,ARG1,orthogonal_phenotype,orthogonal_phenotype,,,Immune modulatory vaccines targeting tumor microenvironment antigens: recent advances in oncology and beyond.,"Unlike conventional cancer vaccines aimed at tumor-associated antigens on malignant cells, IMVs target tumor microenvironment antigens (TMAs), such as indoleamine 2,3-dioxygenase (IDO), PD-L1, arginase-1 (ARG1), and transforming growth factor-β (TGF-β), which are expressed by malignant, myeloid, regulatory, endothelial, and stromal populations."
41963297,CD274,orthogonal_phenotype,orthogonal_phenotype,167,Stim8hr,Immune modulatory vaccines targeting tumor microenvironment antigens: recent advances in oncology and beyond.,"Unlike conventional cancer vaccines aimed at tumor-associated antigens on malignant cells, IMVs target tumor microenvironment antigens (TMAs), such as indoleamine 2,3-dioxygenase (IDO), PD-L1, arginase-1 (ARG1), and transforming growth factor-β (TGF-β), which are expressed by malignant, myeloid, regulatory, endothelial, and stromal populations."
41966487,DPP4,contradicted,comparable,2,Stim48hr,NEDD4 like E3 ubiquitin protein ligase-mediated ubiquitination and degradation of dipeptidyl peptidase 4 restrains Th2-linked inflammation in allergic rhinitis.,"Collectively, NEDD4L is consistent with acting as a negative regulator of Th2-linked inflammation, potentially via ubiquitination-mediated degradation of DPP4."
41966487,NEDD4L,contradicted,comparable,3,Stim8hr,NEDD4 like E3 ubiquitin protein ligase-mediated ubiquitination and degradation of dipeptidyl peptidase 4 restrains Th2-linked inflammation in allergic rhinitis.,"Collectively, NEDD4L is consistent with acting as a negative regulator of Th2-linked inflammation, potentially via ubiquitination-mediated degradation of DPP4."
41981494,THRB,not_assayed,comparable,,,"Downregulation of THRB drives immune microenvironment suppression and poor outcomes, acting as a dual biomarker for clear cell renal cell carcinoma.","Downregulation of THRB drives immune microenvironment suppression and poor outcomes, acting as a dual biomarker for clear cell renal cell carcinoma.."
41981494,THRB,orthogonal_phenotype,orthogonal_phenotype,,,"Downregulation of THRB drives immune microenvironment suppression and poor outcomes, acting as a dual biomarker for clear cell renal cell carcinoma.","High-THRB tumors were enriched for resting immune cells and M2 macrophages, while low-THRB tumors showed higher fractions of CD8+ T cells and regulatory T cells (Tregs), along with elevated expression of T-cell exhaustion markers (all P < 0.01)."
41994077,CIITA,orthogonal_phenotype,orthogonal_phenotype,4,Stim48hr,Class II Major Histocompatibility Complex Transactivator (CIITA): A Master MHC-II Regulator Impacting Cancer and Beyond.,Class II Major Histocompatibility Complex Transactivator (CIITA): A Master MHC-II Regulator Impacting Cancer and Beyond..
41994077,CIITA,orthogonal_phenotype,orthogonal_phenotype,4,Stim48hr,Class II Major Histocompatibility Complex Transactivator (CIITA): A Master MHC-II Regulator Impacting Cancer and Beyond.,"Its multifunctional role positions CIITA as a critical immune regulator and a promising therapeutic target in cancer immunotherapy, antiviral strategies, and immune modulation."
41994077,CIITA,contradicted,comparable,4,Stim48hr,Class II Major Histocompatibility Complex Transactivator (CIITA): A Master MHC-II Regulator Impacting Cancer and Beyond.,"The class II major histocompatibility complex transactivator (CIITA) is a non-DNA-binding master regulator of major histocompatibility complex class II (MHC-II) gene expression, essential for antigen presentation and adaptive immunity."
42011339,BAX,evidence_attached,comparable,36,Stim8hr,Capicua mediates interleukin-2 withdrawal-induced death of activated CD8&lt;sup&gt;+&lt;/sup&gt; T cells.,"Instead, CIC promotes CWID by facilitating Cullin-3/KEAP1-mediated BCL2 degradation and disrupting the BAX-BCL2 interaction."
42011339,BCL2,contradicted,comparable,6,Rest,Capicua mediates interleukin-2 withdrawal-induced death of activated CD8&lt;sup&gt;+&lt;/sup&gt; T cells.,"Instead, CIC promotes CWID by facilitating Cullin-3/KEAP1-mediated BCL2 degradation and disrupting the BAX-BCL2 interaction."
42011339,CIC,contradicted,comparable,4,Rest,Capicua mediates interleukin-2 withdrawal-induced death of activated CD8&lt;sup&gt;+&lt;/sup&gt; T cells.,CIC mediates CWID but not apoptosis induced by staurosporine or etoposide.
42011339,CIC,contradicted,comparable,4,Rest,Capicua mediates interleukin-2 withdrawal-induced death of activated CD8&lt;sup&gt;+&lt;/sup&gt; T cells.,"CIC promotes CWID via a BIM-independent pathway, and simultaneous deletion of CIC and BIM fully abrogates CWID."
42011339,CIC,contradicted,comparable,4,Rest,Capicua mediates interleukin-2 withdrawal-induced death of activated CD8&lt;sup&gt;+&lt;/sup&gt; T cells.,"Instead, CIC promotes CWID by facilitating Cullin-3/KEAP1-mediated BCL2 degradation and disrupting the BAX-BCL2 interaction."
42011339,KEAP1,evidence_attached,comparable,220,Stim8hr,Capicua mediates interleukin-2 withdrawal-induced death of activated CD8&lt;sup&gt;+&lt;/sup&gt; T cells.,"Instead, CIC promotes CWID by facilitating Cullin-3/KEAP1-mediated BCL2 degradation and disrupting the BAX-BCL2 interaction."
42013838,PI16,not_assayed,comparable,,,Systematic discovery of pro- and anti-HIV host factors in primary human CD4+ T cells.,"PI16 interacts with host factors involved in HIV fusion and inhibits viral entry, whereas PPID (Cyp40), a paralog of the proviral cyclophilin CypA, binds capsid and reduces nuclear import of the HIV core."
42013838,PPID,contradicted,comparable,2,Rest,Systematic discovery of pro- and anti-HIV host factors in primary human CD4+ T cells.,"PI16 interacts with host factors involved in HIV fusion and inhibits viral entry, whereas PPID (Cyp40), a paralog of the proviral cyclophilin CypA, binds capsid and reduces nuclear import of the HIV core."
42013838,PPID,contradicted,comparable,2,Rest,Systematic discovery of pro- and anti-HIV host factors in primary human CD4+ T cells.,"Structural modeling, evolutionary analyses, and targeted mutagenesis revealed domains and residues required for PPID-mediated HIV restriction, including non-human primate ortholog substitutions that enhance antiviral activity."
42024470,DYRK1A,contradicted,comparable,1,Rest,DYRK1A enhances antitumor immunity in type 1 conventional dendritic cells via mTORC1 activation.,"In this study, we identified dual-specificity tyrosine phosphorylation-regulated kinase 1A (DYRK1A) as a key kinase that responded to TLR and growth factor stimulation and acted as an essential regulator of cDC1 function."
42042810,CTLA4,orthogonal_phenotype,orthogonal_phenotype,3,Stim48hr,CTLA-4 Antisense Oligonucleotide Contributes to Enhanced Immunogenicity of an Adjuvanted Recombinant &lt;i&gt;Sporothrix&lt;/i&gt; spp. Enolase Antigen.,CTLA-4 is an inhibitory immune checkpoint that negatively regulates T-cell activation.
42054532,SSBP4,orthogonal_phenotype,orthogonal_phenotype,2,Rest,Cancer cell-intrinsic SSBP4 enables tumor immune evasion by promoting cholesterol biosynthesis.,"Thus, in this study, we have identified SSBP4 as a cancer cell-intrinsic regulator of cholesterol metabolism that contributes to tumor immune evasion."
42068898,CORO1C,contradicted,comparable,3,Stim48hr,Integrative multi-omics analysis identifies coronin 1C as a potential mediator linking circadian rhythm disruption to neuroimmune dysregulation in ischemic stroke.,"In vivo, AAV-shCORO1C treatment decreased cerebral CORO1C expression, attenuated CD8+ T-cell infiltration and inflammatory signaling, enhanced Claudin-5 expression, improved neurological function, and promoted post-stroke recovery.ConclusionThis study indicates that CORO1C acts as a pivotal regulator that mediates circadian rhythm disruption-driven immune dysregulation, thereby influencing stroke progression and neurological recovery."
42068898,CORO1C,contradicted,comparable,3,Stim48hr,Integrative multi-omics analysis identifies coronin 1C as a potential mediator linking circadian rhythm disruption to neuroimmune dysregulation in ischemic stroke.,Virtual knockdown analysis highlighted CORO1C as a central regulator linking neuronal and immune transcriptional programs.
42072343,CREBBP,evidence_attached,comparable,2969,Stim8hr,Cell-Type-Resolved Acetylation Regulator Atlas Defines Immune Endotypes and Druggable Vulnerabilities in Psoriasis.,"Single-cell mapping demonstrated immune-restricted acetylation modules, including CREB binding protein (CREBBP)-enriched neutrophils, histone deacetylase 1 (HDAC1)-high cluster of differentiation (CD)8+ T cells, and lysine acetyltransferase 6A (KAT6A)/lymphoid enhancer binding factor (LEF1)-enriched CD4+ and regulatory T cell (Treg) subsets, coincident with interleukin (IL)-17-related inflammatory programs."
42072343,HDAC1,evidence_attached,comparable,90,Stim8hr,Cell-Type-Resolved Acetylation Regulator Atlas Defines Immune Endotypes and Druggable Vulnerabilities in Psoriasis.,"Results: Sixteen acetylation regulators were differentially expressed in bulk skin, with histone deacetylase (HDAC1) showing the strongest upregulation and lysine acetyltransferase (KAT2A) the strongest downregulation."
42072343,HDAC1,evidence_attached,comparable,90,Stim8hr,Cell-Type-Resolved Acetylation Regulator Atlas Defines Immune Endotypes and Druggable Vulnerabilities in Psoriasis.,"Single-cell mapping demonstrated immune-restricted acetylation modules, including CREB binding protein (CREBBP)-enriched neutrophils, histone deacetylase 1 (HDAC1)-high cluster of differentiation (CD)8+ T cells, and lysine acetyltransferase 6A (KAT6A)/lymphoid enhancer binding factor (LEF1)-enriched CD4+ and regulatory T cell (Treg) subsets, coincident with interleukin (IL)-17-related inflammatory programs."
42072343,IRF4,evidence_attached,comparable,567,Stim8hr,Cell-Type-Resolved Acetylation Regulator Atlas Defines Immune Endotypes and Druggable Vulnerabilities in Psoriasis.,"Motif analysis nominated interferon regulatory factor (IRF4), YY transcription factor (YY2), and zinc finger protein (ZNF404) as putative transcriptional mediators downstream of acetylation programs, and drug-target mining prioritized epigenetic compounds with subtype-relevant potential, including histone deacetylase (HDAC) inhibitors (e.g., entinostat) and the p300/CREB binding protein (CBP) inhibitor A485."
42072343,KAT2A,contradicted,comparable,1,Stim8hr,Cell-Type-Resolved Acetylation Regulator Atlas Defines Immune Endotypes and Druggable Vulnerabilities in Psoriasis.,"Results: Sixteen acetylation regulators were differentially expressed in bulk skin, with histone deacetylase (HDAC1) showing the strongest upregulation and lysine acetyltransferase (KAT2A) the strongest downregulation."
42072343,KAT6A,evidence_attached,comparable,506,Stim8hr,Cell-Type-Resolved Acetylation Regulator Atlas Defines Immune Endotypes and Druggable Vulnerabilities in Psoriasis.,"Single-cell mapping demonstrated immune-restricted acetylation modules, including CREB binding protein (CREBBP)-enriched neutrophils, histone deacetylase 1 (HDAC1)-high cluster of differentiation (CD)8+ T cells, and lysine acetyltransferase 6A (KAT6A)/lymphoid enhancer binding factor (LEF1)-enriched CD4+ and regulatory T cell (Treg) subsets, coincident with interleukin (IL)-17-related inflammatory programs."
42072343,LEF1,not_assayed,comparable,,,Cell-Type-Resolved Acetylation Regulator Atlas Defines Immune Endotypes and Druggable Vulnerabilities in Psoriasis.,"Single-cell mapping demonstrated immune-restricted acetylation modules, including CREB binding protein (CREBBP)-enriched neutrophils, histone deacetylase 1 (HDAC1)-high cluster of differentiation (CD)8+ T cells, and lysine acetyltransferase 6A (KAT6A)/lymphoid enhancer binding factor (LEF1)-enriched CD4+ and regulatory T cell (Treg) subsets, coincident with interleukin (IL)-17-related inflammatory programs."
42072343,YY2,not_assayed,comparable,,,Cell-Type-Resolved Acetylation Regulator Atlas Defines Immune Endotypes and Druggable Vulnerabilities in Psoriasis.,"Motif analysis nominated interferon regulatory factor (IRF4), YY transcription factor (YY2), and zinc finger protein (ZNF404) as putative transcriptional mediators downstream of acetylation programs, and drug-target mining prioritized epigenetic compounds with subtype-relevant potential, including histone deacetylase (HDAC) inhibitors (e.g., entinostat) and the p300/CREB binding protein (CBP) inhibitor A485."
42072343,ZNF404,not_assayed,comparable,,,Cell-Type-Resolved Acetylation Regulator Atlas Defines Immune Endotypes and Druggable Vulnerabilities in Psoriasis.,"Motif analysis nominated interferon regulatory factor (IRF4), YY transcription factor (YY2), and zinc finger protein (ZNF404) as putative transcriptional mediators downstream of acetylation programs, and drug-target mining prioritized epigenetic compounds with subtype-relevant potential, including histone deacetylase (HDAC) inhibitors (e.g., entinostat) and the p300/CREB binding protein (CBP) inhibitor A485."
42075886,NLRC5,orthogonal_phenotype,orthogonal_phenotype,17,Rest,(5R)-5-Hydroxytriptolide (LLDT-8) Ameliorates Experimental Autoimmune Myositis via Suppression of the NLRC5/MHC-I Signaling Pathway.,"Mechanistically, LLDT-8 inhibited the expression of nucleotide-binding oligomerization domain receptor caspase recruitment domain 5 (NLRC5), a key transcriptional regulator of major histocompatibility complex-I (MHC-I)."
42095082,MDM2,orthogonal_phenotype,orthogonal_phenotype,2,Stim48hr,Inhibiting MDM2 enhances RIPK3-mediated necroptosis and synergizes with immune checkpoint blockade therapy.,These findings identify MDM2 as a regulator of TNF-α-induced necroptosis and highlight its potential as a therapeutic target for cancer immunotherapy.
42095082,MDM2,orthogonal_phenotype,orthogonal_phenotype,2,Stim48hr,Inhibiting MDM2 enhances RIPK3-mediated necroptosis and synergizes with immune checkpoint blockade therapy.,"To identify druggable regulators of necroptosis, we performed a small-molecule inhibitor screen and identified mouse double minute 2 (MDM2) as a suppressor of tumor necrosis factor α (TNF-α)-induced necroptosis."
42095082,TNF,orthogonal_phenotype,orthogonal_phenotype,5,Stim8hr,Inhibiting MDM2 enhances RIPK3-mediated necroptosis and synergizes with immune checkpoint blockade therapy.,These findings identify MDM2 as a regulator of TNF-α-induced necroptosis and highlight its potential as a therapeutic target for cancer immunotherapy.
42095082,TNF,orthogonal_phenotype,orthogonal_phenotype,5,Stim8hr,Inhibiting MDM2 enhances RIPK3-mediated necroptosis and synergizes with immune checkpoint blockade therapy.,"To identify druggable regulators of necroptosis, we performed a small-molecule inhibitor screen and identified mouse double minute 2 (MDM2) as a suppressor of tumor necrosis factor α (TNF-α)-induced necroptosis."
42097490,PDCD1,contradicted,comparable,2,Stim48hr,CircSPECC1 attenuates sensitivity to PD-1 blockade through impaired antigen presentation in hepatocellular carcinoma.,"Here, we identified the circular RNA SPECC1 (circSPECC1) as a regulator of antigen presentation and a crucial factor influencing the efficacy of anti-PD-1 therapy."
42097490,SPECC1,not_assayed,comparable,,,CircSPECC1 attenuates sensitivity to PD-1 blockade through impaired antigen presentation in hepatocellular carcinoma.,"Here, we identified the circular RNA SPECC1 (circSPECC1) as a regulator of antigen presentation and a crucial factor influencing the efficacy of anti-PD-1 therapy."
42106865,CD274,orthogonal_phenotype,orthogonal_phenotype,167,Stim8hr,Inhibition of protein kinase CK2 remodels the tumor immune microenvironment and sensitizes lung cancer to PD-L1 blockade.,"Mechanistically, CK2 inhibition reduced PD-L1 protein stability through a defined CK2-TRAF6-PD-L1 axis, in which TRAF6 acts as a critical E3 ubiquitin ligase mediating site-specific ubiquitination of PD-L1 at lysine 281, thereby promoting its proteasomal degradation.ConclusionsThese findings identify CK2 as a key regulator of tumor immune evasion and uncover a previously unrecognized post-translational checkpoint controlling PD-L1 stability via TRAF6-dependent ubiquitination."
42106865,TRAF6,orthogonal_phenotype,orthogonal_phenotype,83,Stim8hr,Inhibition of protein kinase CK2 remodels the tumor immune microenvironment and sensitizes lung cancer to PD-L1 blockade.,"Mechanistically, CK2 inhibition reduced PD-L1 protein stability through a defined CK2-TRAF6-PD-L1 axis, in which TRAF6 acts as a critical E3 ubiquitin ligase mediating site-specific ubiquitination of PD-L1 at lysine 281, thereby promoting its proteasomal degradation.ConclusionsThese findings identify CK2 as a key regulator of tumor immune evasion and uncover a previously unrecognized post-translational checkpoint controlling PD-L1 stability via TRAF6-dependent ubiquitination."
42119858,LAG3,orthogonal_phenotype,orthogonal_phenotype,3,Stim8hr,Immune receptor LAG3 regulates microglia function during Alzheimer's disease.,Immune receptor LAG3 regulates microglia function during Alzheimer's disease..
42121895,HAVCR2,orthogonal_phenotype,orthogonal_phenotype,1,Rest,Molecular Mechanisms of Resistance to Bispecific Antibodies in Diffuse Large B-Cell Lymphoma.,"T-cell dysfunction represents another critical resistance domain, encompassing inadequate intratumoral cytotoxic CD8+ T-cell infiltration, expansion of immunosuppressive regulatory and follicular helper T cells, progressive exhaustion with upregulation of PD-1, LAG-3, TIM-3, and TIGIT, and impaired T-cell fitness from prior treatment exposure."
42121895,LAG3,orthogonal_phenotype,orthogonal_phenotype,3,Stim8hr,Molecular Mechanisms of Resistance to Bispecific Antibodies in Diffuse Large B-Cell Lymphoma.,"T-cell dysfunction represents another critical resistance domain, encompassing inadequate intratumoral cytotoxic CD8+ T-cell infiltration, expansion of immunosuppressive regulatory and follicular helper T cells, progressive exhaustion with upregulation of PD-1, LAG-3, TIM-3, and TIGIT, and impaired T-cell fitness from prior treatment exposure."
42121895,PDCD1,orthogonal_phenotype,orthogonal_phenotype,2,Stim48hr,Molecular Mechanisms of Resistance to Bispecific Antibodies in Diffuse Large B-Cell Lymphoma.,"T-cell dysfunction represents another critical resistance domain, encompassing inadequate intratumoral cytotoxic CD8+ T-cell infiltration, expansion of immunosuppressive regulatory and follicular helper T cells, progressive exhaustion with upregulation of PD-1, LAG-3, TIM-3, and TIGIT, and impaired T-cell fitness from prior treatment exposure."
42121895,TIGIT,orthogonal_phenotype,orthogonal_phenotype,,,Molecular Mechanisms of Resistance to Bispecific Antibodies in Diffuse Large B-Cell Lymphoma.,"T-cell dysfunction represents another critical resistance domain, encompassing inadequate intratumoral cytotoxic CD8+ T-cell infiltration, expansion of immunosuppressive regulatory and follicular helper T cells, progressive exhaustion with upregulation of PD-1, LAG-3, TIM-3, and TIGIT, and impaired T-cell fitness from prior treatment exposure."
42131406,APOE,not_assayed,comparable,,,Adaptive immune crosstalk and complement dysregulation in the aging retina.,"This pathway is normally limited by Complement Factor H (CFH), whose regulatory function is strengthened by binding to apolipoprotein E (APOE)."
42131406,CFH,not_assayed,comparable,,,Adaptive immune crosstalk and complement dysregulation in the aging retina.,"This pathway is normally limited by Complement Factor H (CFH), whose regulatory function is strengthened by binding to apolipoprotein E (APOE)."
42131406,FOXP3,orthogonal_phenotype,orthogonal_phenotype,4,Stim48hr,Adaptive immune crosstalk and complement dysregulation in the aging retina.,"Retinal pigment epithelial (RPE) cells upregulate major histocompatibility complex molecules in response to stress and can express the regulatory transcription factor forkhead box p3 (FOXP3), indicating an intrinsic immunomodulatory capacity."
42131406,RPE,orthogonal_phenotype,orthogonal_phenotype,326,Stim48hr,Adaptive immune crosstalk and complement dysregulation in the aging retina.,"Retinal pigment epithelial (RPE) cells upregulate major histocompatibility complex molecules in response to stress and can express the regulatory transcription factor forkhead box p3 (FOXP3), indicating an intrinsic immunomodulatory capacity."
42136568,NDRG3,orthogonal_phenotype,orthogonal_phenotype,6,Stim48hr,NDRG3 is essential for sustaining antigen-driven T cell responses by protecting against restimulation-induced cell death.,"Additionally, this work identifies NDRG3 as a previously undescribed regulator of RICD in T cells and reveals NDRG3 as a potential target for autoimmune disorders and chimeric antigen receptor T cell treatment for cancer."
42136568,NDRG3,orthogonal_phenotype,orthogonal_phenotype,6,Stim48hr,NDRG3 is essential for sustaining antigen-driven T cell responses by protecting against restimulation-induced cell death.,"Collectively, these findings establish NDRG3 as a novel, indispensable regulator of T cell responses to foreign challenges."
42136568,NDRG3,orthogonal_phenotype,orthogonal_phenotype,6,Stim48hr,NDRG3 is essential for sustaining antigen-driven T cell responses by protecting against restimulation-induced cell death.,NDRG3 is essential for sustaining antigen-driven T cell responses by protecting against restimulation-induced cell death..
42136568,NDRG3,orthogonal_phenotype,orthogonal_phenotype,6,Stim48hr,NDRG3 is essential for sustaining antigen-driven T cell responses by protecting against restimulation-induced cell death.,"We show that NDRG3 is essential for T cell survival during antigen restimulation by protecting T cells from restimulation-induced cell death (RICD), while it has only a marginal impact on T cell survival in contexts with limited antigen restimulation."
42148061,ALKBH5,orthogonal_phenotype,orthogonal_phenotype,8,Stim8hr,"Context-dependent functions of ALKBH5: a mechanistic framework linking cellular stress responses, immune regulation, viral infection, and therapeutic vulnerabilities.","N6 -methyladenosine (m6A) is a major post-transcriptional RNA modification, and the demethylase ALKBH5 has emerged as a versatile but highly context-dependent regulator of RNA fate."
42148061,ALKBH5,orthogonal_phenotype,orthogonal_phenotype,8,Stim8hr,"Context-dependent functions of ALKBH5: a mechanistic framework linking cellular stress responses, immune regulation, viral infection, and therapeutic vulnerabilities.","We propose that the biological output of ALKBH5 is determined by target transcript identity, cellular context, reader environment, and upstream regulatory signals."
42151449,ELF4,evidence_attached,comparable,86,Rest,A novel ELF4 gene variant disrupts T and NK cell function in a patient with immune thrombocytopenia (ITP).,"Objective and designIn this report, we identified a novel hemizygous ELF4 variant (c.1822G > C; p.Gly608Arg) in an adolescent male with chronic immune thrombocytopenia (ITP) and performed functional immunologic characterization.Materials and methodsPeripheral blood mononuclear cells (PBMCs) of the patient and age-matched controls were characterized by flow cytometry with respect to T cell phenotype, activation, proliferation and NK cell cytotoxicity.ResultsThe p.Gly608Arg substitution affects a highly conserved residue in the C-terminal regulatory domain of ELF4 and is predicted to be damaging."
42153165,CD274,orthogonal_phenotype,orthogonal_phenotype,167,Stim8hr,TNFAIP3 Reprograms T Cell Exhaustion and Restores Anti-Leukemia Immunity in Acute Myeloid Leukemia.,"TNFAIP3 overexpression in CD4+ and CD8+ T cells attenuates apoptosis, reduces the expression of the immune checkpoint molecules PD-L1 and TIM-3, and promotes a pro-inflammatory cytokine profile characterized by increased IFN-γ and TNF-α production."
42153165,HAVCR2,orthogonal_phenotype,orthogonal_phenotype,1,Rest,TNFAIP3 Reprograms T Cell Exhaustion and Restores Anti-Leukemia Immunity in Acute Myeloid Leukemia.,"TNFAIP3 overexpression in CD4+ and CD8+ T cells attenuates apoptosis, reduces the expression of the immune checkpoint molecules PD-L1 and TIM-3, and promotes a pro-inflammatory cytokine profile characterized by increased IFN-γ and TNF-α production."
42153165,TNF,orthogonal_phenotype,orthogonal_phenotype,5,Stim8hr,TNFAIP3 Reprograms T Cell Exhaustion and Restores Anti-Leukemia Immunity in Acute Myeloid Leukemia.,"TNFAIP3 overexpression in CD4+ and CD8+ T cells attenuates apoptosis, reduces the expression of the immune checkpoint molecules PD-L1 and TIM-3, and promotes a pro-inflammatory cytokine profile characterized by increased IFN-γ and TNF-α production."
42153165,TNFAIP3,orthogonal_phenotype,orthogonal_phenotype,34,Stim8hr,TNFAIP3 Reprograms T Cell Exhaustion and Restores Anti-Leukemia Immunity in Acute Myeloid Leukemia.,"Mechanistically, these effects were associated with the suppression of NF-κB signaling and enrichment of pathways related to immune synapse formation and T-cell receptor signaling.ConclusionOur findings demonstrate that TNFAIP3 is a critical regulator of T cell dysfunction and exhaustion in AML."
42153165,TNFAIP3,orthogonal_phenotype,orthogonal_phenotype,34,Stim8hr,TNFAIP3 Reprograms T Cell Exhaustion and Restores Anti-Leukemia Immunity in Acute Myeloid Leukemia.,"TNFAIP3 overexpression in CD4+ and CD8+ T cells attenuates apoptosis, reduces the expression of the immune checkpoint molecules PD-L1 and TIM-3, and promotes a pro-inflammatory cytokine profile characterized by increased IFN-γ and TNF-α production."
42156357,CTLA4,orthogonal_phenotype,orthogonal_phenotype,3,Stim48hr,GSK-3 regulates CD4-CD8 cooperation for super-armed CD8+ cytolytic T cells in immunotherapy against tumors.,"Notably, whereas B16-F10 tumor rejection in wild-type mice relied on CD4+ CTLA-4+ Tregs, tumor control in GSK-3 KD mice required CD4+ T-cell help for optimal granzyme induction and tumor rejection."
42156357,PDCD1,contradicted,comparable,2,Stim48hr,GSK-3 regulates CD4-CD8 cooperation for super-armed CD8+ cytolytic T cells in immunotherapy against tumors.,"GSK-3 was also required for regulatory T-cell (Treg) suppressive function, while GSK-3 inhibition and reduced expression synergized with PD-1 blockade to ""super-arm"" cytolytic CD8+ T cells, characterized by upregulation of perforin and seven distinct granzymes."
42158872,TXNIP,evidence_attached,comparable,57,Stim48hr,Investigate the heterogeneity of colorectal cancer patients at the single-cell level prior to and subsequent to immunotherapy.,"B cells from responders demonstrated strong induction of TXNIP, a regulator of redox balance and inflammasome activity."
42164507,PDCD1,orthogonal_phenotype,orthogonal_phenotype,2,Stim48hr,"Regulatory T cell dysfunction and exhaustion in uveitis: immunometabolic mechanisms, microenvironmental drivers, and emerging therapeutic strategies.","We examine critical intrinsic regulators of Treg fitness, including the multidimensional control of FoxP3 stability, the upregulation of inhibitory checkpoints such as TIGIT and PD-1, and the dysregulated plasticity within the Th17/Treg axis."
42164507,TIGIT,orthogonal_phenotype,orthogonal_phenotype,,,"Regulatory T cell dysfunction and exhaustion in uveitis: immunometabolic mechanisms, microenvironmental drivers, and emerging therapeutic strategies.","We examine critical intrinsic regulators of Treg fitness, including the multidimensional control of FoxP3 stability, the upregulation of inhibitory checkpoints such as TIGIT and PD-1, and the dysregulated plasticity within the Th17/Treg axis."
42189863,ZBP1,evidence_attached,comparable,18,Rest,ZBP1 Drives CD8+ T cell-mediated anti-tumor immunity in head and neck squamous cell carcinoma.,"Concurrently, it suppressed immunosuppressive pathways through metabolic reprogramming, establishing ZBP1 as a dual regulator synchronizing lymphocyte recruitment and myeloid suppression."
42189863,ZBP1,evidence_attached,comparable,18,Rest,ZBP1 Drives CD8+ T cell-mediated anti-tumor immunity in head and neck squamous cell carcinoma.,"Here, we identify Z-DNA binding protein 1 (ZBP1) as a key immunoregulator that reprograms immune-suppressive TMEs."
42189863,ZBP1,orthogonal_phenotype,orthogonal_phenotype,18,Rest,ZBP1 Drives CD8+ T cell-mediated anti-tumor immunity in head and neck squamous cell carcinoma.,ZBP1 Drives CD8+ T cell-mediated anti-tumor immunity in head and neck squamous cell carcinoma..
42192948,CD274,orthogonal_phenotype,orthogonal_phenotype,167,Stim8hr,"Tumor-Infiltrating Lymphocytes in Triple-Negative Breast Cancer: Prognostic Significance, Predictive Value, and Emerging Directions for Clinical Implementation.","This comprehensive review synthesizes current evidence on TIL assessment methodology; the immunobiological landscape of TNBC, including regulatory T cell populations and PD-L1 correlations; gene expression underpinnings of the tumor immune microenvironment; and systematic evidence from meta-analyses and clinical trials."
42196406,TCF4,not_assayed,comparable,,,Deciphering the Transcription Factor-Dominated Ecosystem During Esophageal Squamous Cell Carcinoma Progression at the Single-Cell Level.,TCF4 was identified as an early-stage regulator associated with epithelial-mesenchymal transition activation and malignant invasive phenotypes.
42208540,STK40,orthogonal_phenotype,orthogonal_phenotype,229,Rest,Targeting tumor-intrinsic STK40 induces immune vulnerability and drives T cell reinvigoration.,Targeting tumor-intrinsic STK40 induces immune vulnerability and drives T cell reinvigoration..
42208540,STK40,evidence_attached,comparable,229,Rest,Targeting tumor-intrinsic STK40 induces immune vulnerability and drives T cell reinvigoration.,"Using in vivo CRISPR-Cas9 screens, we identify serine/threonine kinase 40 (STK40) as a previously unrecognized regulator of immune evasion."
42212311,CD274,evidence_attached,comparable,167,Stim8hr,Huaier Polysaccharides Sensitize Anti-PD-L1 Therapy via Promoting Antitumor Immune Response in Triple-Negative Breast Cancer.,"Mechanistically, PS-T promoted the autophagic degradation of PD-L1, which in turn facilitated the accumulation and activation of CD45+, CD3+ T, CD4+ T, CD8+ T, and dendritic cells, while reducing immunosuppressive regulatory T cells, ultimately enhancing the efficacy of anti-PD-L1 antibodies."
42212326,CARD9,not_assayed,comparable,,,YY1 Lactylation Elicits CARD9 Deficiency in Dendritic Cells Promoting Pancreatic Cancer Immune Escape.,"Overall, our findings define a lactate-p300/HDAC2-YY1 lactylation-CARD9 regulatory axis that restricts DC function and promotes immune escape in PC."
42212326,HDAC2,evidence_attached,comparable,25,Stim48hr,YY1 Lactylation Elicits CARD9 Deficiency in Dendritic Cells Promoting Pancreatic Cancer Immune Escape.,"Overall, our findings define a lactate-p300/HDAC2-YY1 lactylation-CARD9 regulatory axis that restricts DC function and promotes immune escape in PC."
42212326,YY1,evidence_attached,comparable,961,Stim8hr,YY1 Lactylation Elicits CARD9 Deficiency in Dendritic Cells Promoting Pancreatic Cancer Immune Escape.,"Overall, our findings define a lactate-p300/HDAC2-YY1 lactylation-CARD9 regulatory axis that restricts DC function and promotes immune escape in PC."
42214785,TFEB,contradicted,comparable,2,Stim48hr,Trehalose-driven TFEB Activation Reprograms Immunosuppressive Macrophages in Glioblastoma.,"Collectively, our findings position TFEB as a critical regulator of glioblastoma-associated macrophage polarization and provide a deep insight into TFEB-independent modulation as a promising strategy to overcome immunosuppression in GBM."
42214785,TFEB,contradicted,comparable,2,Stim48hr,Trehalose-driven TFEB Activation Reprograms Immunosuppressive Macrophages in Glioblastoma.,"Here, we identify transcription factor EB (TFEB) as a critical regulator of macrophage-driven immune suppression in glioblastoma."
42230325,ARID3A,orthogonal_phenotype,orthogonal_phenotype,15,Stim48hr,Pharmacologic Modulation of ARID3A with Rimegepant Reactivates Type I Interferon Signaling and Sensitizes Triple-Negative Breast Cancer to PD-1 Blockade.,"Here, we identify the transcription factor ARID3A as a tumor-intrinsic regulator of this resistant state."
42234523,CD274,evidence_attached,comparable,167,Stim8hr,Targeting XIAP-coordinated PKC signaling resensitizes PD-1-refractory tumors for rechallenge.,"In resistant models, PKC inhibition synergizes more effectively with anti-CTLA-4 than with anti-PD-1/PD-L1, in association with reduced intratumoral regulatory T cells and reinforcement of CD8+ T cell effector function."
42234523,CTLA4,contradicted,comparable,3,Stim48hr,Targeting XIAP-coordinated PKC signaling resensitizes PD-1-refractory tumors for rechallenge.,"In resistant models, PKC inhibition synergizes more effectively with anti-CTLA-4 than with anti-PD-1/PD-L1, in association with reduced intratumoral regulatory T cells and reinforcement of CD8+ T cell effector function."
42234523,CTLA4,contradicted,comparable,3,Stim48hr,Targeting XIAP-coordinated PKC signaling resensitizes PD-1-refractory tumors for rechallenge.,These findings define the PKC-XIAP axis as a central regulator of immune resistance and provide a mechanistic rationale for PKC inhibition plus anti-CTLA-4 as a salvage strategy in ICB-refractory cancers.
42234523,PDCD1,contradicted,comparable,2,Stim48hr,Targeting XIAP-coordinated PKC signaling resensitizes PD-1-refractory tumors for rechallenge.,"In resistant models, PKC inhibition synergizes more effectively with anti-CTLA-4 than with anti-PD-1/PD-L1, in association with reduced intratumoral regulatory T cells and reinforcement of CD8+ T cell effector function."
42234523,XIAP,evidence_attached,comparable,75,Stim48hr,Targeting XIAP-coordinated PKC signaling resensitizes PD-1-refractory tumors for rechallenge.,These findings define the PKC-XIAP axis as a central regulator of immune resistance and provide a mechanistic rationale for PKC inhibition plus anti-CTLA-4 as a salvage strategy in ICB-refractory cancers.
42237295,CIITA,contradicted,comparable,4,Stim48hr,CIITA/PRMT5 promote CD4&lt;sup&gt;+&lt;/sup&gt;Gzma&lt;sup&gt;+&lt;/sup&gt; T cell activation via H3R2me2-mediated endothelial expression of MHC class II in smoking-induced atherosclerosis.,"Mechanistically, class II major histocompatibility complex transactivator (CIITA), a key transcriptional regulator of MHC II genes expression, was identified to connect with protein arginine methyltransferases-5 (PRMT5), scoring highest via utilizing mass spectrometry analysis, which triggered symmetrical dimethylation modification of H3R2 and promoted MHC II expression."
42237295,PRMT5,not_assayed,comparable,,,CIITA/PRMT5 promote CD4&lt;sup&gt;+&lt;/sup&gt;Gzma&lt;sup&gt;+&lt;/sup&gt; T cell activation via H3R2me2-mediated endothelial expression of MHC class II in smoking-induced atherosclerosis.,"Mechanistically, class II major histocompatibility complex transactivator (CIITA), a key transcriptional regulator of MHC II genes expression, was identified to connect with protein arginine methyltransferases-5 (PRMT5), scoring highest via utilizing mass spectrometry analysis, which triggered symmetrical dimethylation modification of H3R2 and promoted MHC II expression."
42251338,TNF,orthogonal_phenotype,orthogonal_phenotype,5,Stim8hr,Decoding TNF receptor superfamily control of CD4&lt;sup&gt;+&lt;/sup&gt;Foxp3&lt;sup&gt;+&lt;/sup&gt; Regulatory T cell-mediated tolerance: implications for the treatment of graft‑versus‑host disease.,Decoding TNF receptor superfamily control of CD4+Foxp3+ Regulatory T cell-mediated tolerance: implications for the treatment of graft‑versus‑host disease..
42252199,MYC,evidence_attached,comparable,676,Stim8hr,MYC-Driven Glycolysis in TNFRSF4+ CD4+ T Cells Underlies Heightened Rejection Susceptibility of Cardiac vs. Renal Allografts.,"The TNFRSF4+ CD4+ T-cell subset was selectively expanded in cardiac allografts (but reduced in renal allografts) during acute rejection, with transcriptional analysis identifying MYC as a master regulator of glycolysis-related genes in this subset."
42252199,TNFRSF4,evidence_attached,comparable,16,Rest,MYC-Driven Glycolysis in TNFRSF4+ CD4+ T Cells Underlies Heightened Rejection Susceptibility of Cardiac vs. Renal Allografts.,"The TNFRSF4+ CD4+ T-cell subset was selectively expanded in cardiac allografts (but reduced in renal allografts) during acute rejection, with transcriptional analysis identifying MYC as a master regulator of glycolysis-related genes in this subset."
42255098,CCR6,not_assayed,comparable,,,Alterations of circulating innate lymphoid cells in recent-onset type 1 diabetes.,"ILCP exhibited reduced expression of migratory (CCR7, CCR6) and regulatory-associated genes (ICOS, CD58)."
42255098,CCR7,contradicted,comparable,3,Rest,Alterations of circulating innate lymphoid cells in recent-onset type 1 diabetes.,"ILCP exhibited reduced expression of migratory (CCR7, CCR6) and regulatory-associated genes (ICOS, CD58)."
42255098,CD58,contradicted,comparable,1,Rest,Alterations of circulating innate lymphoid cells in recent-onset type 1 diabetes.,"ILCP exhibited reduced expression of migratory (CCR7, CCR6) and regulatory-associated genes (ICOS, CD58)."
42255098,ICOS,evidence_attached,comparable,739,Rest,Alterations of circulating innate lymphoid cells in recent-onset type 1 diabetes.,"ILCP exhibited reduced expression of migratory (CCR7, CCR6) and regulatory-associated genes (ICOS, CD58)."
42270077,CD274,evidence_attached,comparable,167,Stim8hr,PRMT5-mediated methylation of LKB1 controls PD-L1 expression in NSCLC.,Combination treatment with a PRMT5 inhibitor and anti-PD-L1 antibody further enhanced T-cell activation in co-culture models.ConclusionThese findings identify a PRMT5-LKB1-AMPK regulatory axis controlling PD-L1 expression in a cell-context-dependent manner and suggest that LKB1 status may serve as a predictive biomarker for combining PRMT5 inhibitors with ICB in NSCLC.
42270077,CD274,evidence_attached,comparable,167,Stim8hr,PRMT5-mediated methylation of LKB1 controls PD-L1 expression in NSCLC.,PRMT5-mediated methylation of LKB1 controls PD-L1 expression in NSCLC..
42270077,PRMT5,not_assayed,comparable,,,PRMT5-mediated methylation of LKB1 controls PD-L1 expression in NSCLC.,Combination treatment with a PRMT5 inhibitor and anti-PD-L1 antibody further enhanced T-cell activation in co-culture models.ConclusionThese findings identify a PRMT5-LKB1-AMPK regulatory axis controlling PD-L1 expression in a cell-context-dependent manner and suggest that LKB1 status may serve as a predictive biomarker for combining PRMT5 inhibitors with ICB in NSCLC.
42270077,PRMT5,not_assayed,comparable,,,PRMT5-mediated methylation of LKB1 controls PD-L1 expression in NSCLC.,PRMT5-mediated methylation of LKB1 controls PD-L1 expression in NSCLC..
42270077,PRMT5,orthogonal_phenotype,orthogonal_phenotype,,,PRMT5-mediated methylation of LKB1 controls PD-L1 expression in NSCLC.,"Protein arginine methyltransferase 5 (PRMT5) is an oncogenic regulator associated with poor prognosis, but its role in immune checkpoint modulation and underlying molecular mechanisms remain incompletely defined.Materials and methodsPRMT family expression and clinical correlations were analyzed using Oncomine, TCGA, and CPTAC databases."
42270592,MTHFD1,orthogonal_phenotype,orthogonal_phenotype,1188,Stim48hr,Targeting NFATc1-regulated MTHFD2 one-carbon metabolism to suppress sustained T-cell-mediated inflammation in rheumatoid arthritis.,"Pharmacological inhibition of MTHFD1/2 using the novel small molecule TH9619 suppresses proinflammatory cytokine production, expands Foxp3+ regulatory T cells and protects against cartilage and bone damage in vivo."
42270592,MTHFD1,evidence_attached,comparable,1188,Stim48hr,Targeting NFATc1-regulated MTHFD2 one-carbon metabolism to suppress sustained T-cell-mediated inflammation in rheumatoid arthritis.,"These findings use RA as the proving ground to establish NFATc1-mediated MTHFD2 activation as a critical regulator of sustained T-cell-driven inflammation and support selective MTHFD1/2 inhibition as a novel, mechanism-based therapeutic strategy for RA."
42270592,MTHFD2,evidence_attached,comparable,798,Stim48hr,Targeting NFATc1-regulated MTHFD2 one-carbon metabolism to suppress sustained T-cell-mediated inflammation in rheumatoid arthritis.,"These findings use RA as the proving ground to establish NFATc1-mediated MTHFD2 activation as a critical regulator of sustained T-cell-driven inflammation and support selective MTHFD1/2 inhibition as a novel, mechanism-based therapeutic strategy for RA."
42273688,CTLA4,contradicted,comparable,3,Stim48hr,Regulatory T cells in breast cancer drivers of immune suppression and targets for immunotherapy.,"Tregs originate from both thymic and peripheral differentiation pathways and are characterized by the expression of FoxP3, CD25, CTLA-4, PD-1, and other immune regulatory molecules."
42273688,IL2RA,evidence_attached,comparable,25,Stim48hr,Regulatory T cells in breast cancer drivers of immune suppression and targets for immunotherapy.,"Tregs originate from both thymic and peripheral differentiation pathways and are characterized by the expression of FoxP3, CD25, CTLA-4, PD-1, and other immune regulatory molecules."
42273688,PDCD1,contradicted,comparable,2,Stim48hr,Regulatory T cells in breast cancer drivers of immune suppression and targets for immunotherapy.,"Tregs originate from both thymic and peripheral differentiation pathways and are characterized by the expression of FoxP3, CD25, CTLA-4, PD-1, and other immune regulatory molecules."
42273700,IFNG,contradicted,comparable,1,Stim8hr,Single cell transcriptome signatures and cell-cell interactions associated with sarcoidosis in lung immune cell populations.,"Most changes in upstream regulators were observed in CD4+ T cells, including activation of TNF, IFNG, and IL1B."
42273700,IL1B,not_assayed,comparable,,,Single cell transcriptome signatures and cell-cell interactions associated with sarcoidosis in lung immune cell populations.,"Most changes in upstream regulators were observed in CD4+ T cells, including activation of TNF, IFNG, and IL1B."
42273700,TNF,contradicted,comparable,5,Stim8hr,Single cell transcriptome signatures and cell-cell interactions associated with sarcoidosis in lung immune cell populations.,"Most changes in upstream regulators were observed in CD4+ T cells, including activation of TNF, IFNG, and IL1B."
42273706,TNF,contradicted,comparable,5,Stim8hr,Pharmacological and genetic modulation of IL-32 expression in intestinal epithelial cells does not impact HIV-1 outgrowth in co-cultured CD4&lt;sup&gt;+&lt;/sup&gt; T-cells.,"Finally, TNF-activated control versus IL32KO IEC supported with similar efficacy HIV-1 outgrowth in CD4+ T-cells of PWH.ConclusionsWe identified IL-22, ATRA and RGZ as novel regulators of IL-32 expression in TNF-primed IEC and demonstrated that pharmacological and genetic modulation of IL-32 expression in IEC has no major impact on HIV-1 outgrowth from co-cultured CD4+ T-cells of ART-treated PWH carrying viral reservoirs."
42275578,IL15,not_assayed,comparable,,,IL15-mediated crosstalk between LSECs and CD8⁺ tissue-resident memory T cells drives alcohol-associated hepatitis.,IL15-mediated crosstalk between LSECs and CD8+ tissue-resident memory T cells drives alcohol-associated hepatitis..
42275578,IL15,not_assayed,comparable,,,IL15-mediated crosstalk between LSECs and CD8⁺ tissue-resident memory T cells drives alcohol-associated hepatitis.,"These findings define a context-dependent mechanism in which LSECs promote IL15-driven signaling through AKT pathway amplification, promoting TRM persistence and inflammatory activity in AH.ConclusionsIL15-associated signaling within the hepatic microenvironment, shaped by LSEC-CD8 T-cell interactions, promotes activation and persistence of CD8 TRM cells in AH."
42280256,IRF1,evidence_attached,comparable,271,Rest,Integrative Pan-Cancer Mapping of Proteasome Dependency Prioritizes PSMB5 and PSMB6 as Context-Dependent Vulnerability Biomarkers Linked to Immune Context.,"Their dependency strength was quantitatively associated with immune-related signaling pathways, including MHC and interferon responses, and inversely correlated with key immune regulatory genes such as NLRC5 and IRF1."
42280256,NLRC5,evidence_attached,comparable,17,Rest,Integrative Pan-Cancer Mapping of Proteasome Dependency Prioritizes PSMB5 and PSMB6 as Context-Dependent Vulnerability Biomarkers Linked to Immune Context.,"Their dependency strength was quantitatively associated with immune-related signaling pathways, including MHC and interferon responses, and inversely correlated with key immune regulatory genes such as NLRC5 and IRF1."
42284413,TMED4,evidence_attached,comparable,95,Stim8hr,Targeting TMED4 enhances CD8&lt;sup&gt;+&lt;/sup&gt; T cell function and CAR T cell efficacy in solid tumors through the IRE1α-autophagy axis.,"Here, we identified the ERS-related transmembrane protein TMED4 (transmembrane emp24 domain-containing 4) as a critical regulator of CD8+ T cell antitumor immunity."
42284760,CD83,contradicted,comparable,5,Rest,Stabilization of MHCII on dendritic cells via AhR-mediated blockade of proteasomal degradation drives Th17 responses to exogenous antigens.,"Activated AhR upregulates CD83 and blocks proteasomal degradation, sustaining the surface MHCII to drive Th17 responses."
42284760,CD86,not_assayed,comparable,,,Stabilization of MHCII on dendritic cells via AhR-mediated blockade of proteasomal degradation drives Th17 responses to exogenous antigens.,"AhR regulates MHCII (HLA-DR) and CD86 membrane expression, with HLA-DR more affected."
42288483,CYBB,not_assayed,comparable,,,β-catenin-driven innate and metabolic reprograming in macrophages fuel T-cell-dependent inflammation in Toxoplasma gondii infection: implications for therapeutic intervention.,"Phospho-β-catenin-TCF4 drives IRF4 transcription, followed by phosphorylation of IRF4, which regulates CYBB transcription."
42288483,IRF4,evidence_attached,comparable,567,Stim8hr,β-catenin-driven innate and metabolic reprograming in macrophages fuel T-cell-dependent inflammation in Toxoplasma gondii infection: implications for therapeutic intervention.,"Phospho-β-catenin-TCF4 drives IRF4 transcription, followed by phosphorylation of IRF4, which regulates CYBB transcription."
42288483,TCF4,not_assayed,comparable,,,β-catenin-driven innate and metabolic reprograming in macrophages fuel T-cell-dependent inflammation in Toxoplasma gondii infection: implications for therapeutic intervention.,"Phospho-β-catenin-TCF4 drives IRF4 transcription, followed by phosphorylation of IRF4, which regulates CYBB transcription."
42292358,TP53,orthogonal_phenotype,orthogonal_phenotype,1849,Rest,&lt;i&gt;TP53&lt;/i&gt; deficiency induces a low-adhesion transcriptomic signature correlating with accelerated CAR-T cell exhaustion in B-ALL.,"Furthermore, TP53-deficient cells failed to activate immunogenic signaling pathways, such as IL-2/STAT5, under immune pressure.ConclusionsOur in vitro findings indicate that TP53 deficiency in B-ALL cells downregulates adhesion networks and impairs immunogenic signaling, which correlates with accelerated CAR-T cell exhaustion."
42292426,CD38,contradicted,comparable,10,Stim48hr,CD38+ NK cells: novel players in immunoregulation.,"CD38+ NK cell proportions in the peripheral blood and synovial fluid are increased in patients with rheumatoid arthritis (RA), and these cells produce high levels of interferon-γ (IFN-γ) and low levels of transforming growth factor-β (TGF-β), suppressing the differentiation of CD4+ T cells to regulatory T cells (Tregs) to disrupt immune tolerance."
42292426,CD38,orthogonal_phenotype,orthogonal_phenotype,10,Stim48hr,CD38+ NK cells: novel players in immunoregulation.,"The above results suggest that CD38+CD16+ and CD38+CD16- NK cells have opposing regulatory effects on CD16, HSPA1B and NF-κB signaling and cytokine secretion, leading to opposing effects on immune balance."
42292426,HSPA1B,orthogonal_phenotype,orthogonal_phenotype,17,Stim8hr,CD38+ NK cells: novel players in immunoregulation.,"HSPA1B can suppress the signaling activity of NF-κB, a regulator of proinflammatory cytokine production."
42292426,HSPA1B,orthogonal_phenotype,orthogonal_phenotype,17,Stim8hr,CD38+ NK cells: novel players in immunoregulation.,"The above results suggest that CD38+CD16+ and CD38+CD16- NK cells have opposing regulatory effects on CD16, HSPA1B and NF-κB signaling and cytokine secretion, leading to opposing effects on immune balance."
42298912,PPP2R3C,orthogonal_phenotype,orthogonal_phenotype,42,Stim48hr,PPP2R3C serves as a negative regulator associated with reduced T cell hyperactivation and renal protection in lupus.,"In vivo, PPP2R3C was restored in PIL mice via T cell-targeted Ark313 vector or systemic AAV9 delivery; disease progression was assessed at 24 and 48 weeks after pristane induction.ResultsWe identified the protein phosphatase 2A regulatory subunit PPP2R3C as a critical and selective negative regulator of T cell receptor (TCR) signaling, which was downregulated in CD4+ T cells from SLE patients and pristane-induced lupus (PIL) mice."
42298912,PPP2R3C,evidence_attached,comparable,42,Stim48hr,PPP2R3C serves as a negative regulator associated with reduced T cell hyperactivation and renal protection in lupus.,PPP2R3C serves as a negative regulator associated with reduced T cell hyperactivation and renal protection in lupus..
42306568,SMYD2,contradicted,comparable,10,Rest,Targeting SMYD2 improves immunotherapy response in experimental hepatocellular carcinoma.,The lysine methyltransferase SMYD2 is overexpressed in several cancers and regulates oncogenic signaling through histone and non-histone substrates.
42306568,SMYD2,orthogonal_phenotype,orthogonal_phenotype,10,Rest,Targeting SMYD2 improves immunotherapy response in experimental hepatocellular carcinoma.,"These results position SMYD2 as a dual regulator of tumor growth and immune suppression, and as a promising target to overcome ICI resistance in HCC."
42306733,CD274,orthogonal_phenotype,orthogonal_phenotype,167,Stim8hr,Expression of YTHDF1 and YTHDF2 in lung squamous cell carcinoma and their correlation with PD-L1.,"To investigate the expression levels and clinical significance of YTH N6-methyladenosine RNA-binding protein 1 (YTHDF1) and YTH N6-methyladenosine RNA-binding protein 2 (YTHDF2) in LUSC tissues, and to preliminarily demonstrate that YTHDF1 promotes the expression of programmed death-ligand 1 (PD-L1) through N6-methyladenosine (m6A) RNA modification.Methods(I) The Cancer Genome Atlas (TCGA) database was utilized to explore the relationships between the expressions of YTHDF1 and YTHDF2 in LUSC, pathological characteristics, and patient prognosis."
42306733,YTHDF1,orthogonal_phenotype,orthogonal_phenotype,2,Stim8hr,Expression of YTHDF1 and YTHDF2 in lung squamous cell carcinoma and their correlation with PD-L1.,"To investigate the expression levels and clinical significance of YTH N6-methyladenosine RNA-binding protein 1 (YTHDF1) and YTH N6-methyladenosine RNA-binding protein 2 (YTHDF2) in LUSC tissues, and to preliminarily demonstrate that YTHDF1 promotes the expression of programmed death-ligand 1 (PD-L1) through N6-methyladenosine (m6A) RNA modification.Methods(I) The Cancer Genome Atlas (TCGA) database was utilized to explore the relationships between the expressions of YTHDF1 and YTHDF2 in LUSC, pathological characteristics, and patient prognosis."
42306733,YTHDF2,orthogonal_phenotype,orthogonal_phenotype,2618,Stim48hr,Expression of YTHDF1 and YTHDF2 in lung squamous cell carcinoma and their correlation with PD-L1.,"To investigate the expression levels and clinical significance of YTH N6-methyladenosine RNA-binding protein 1 (YTHDF1) and YTH N6-methyladenosine RNA-binding protein 2 (YTHDF2) in LUSC tissues, and to preliminarily demonstrate that YTHDF1 promotes the expression of programmed death-ligand 1 (PD-L1) through N6-methyladenosine (m6A) RNA modification.Methods(I) The Cancer Genome Atlas (TCGA) database was utilized to explore the relationships between the expressions of YTHDF1 and YTHDF2 in LUSC, pathological characteristics, and patient prognosis."
42311678,CXCR5,contradicted,comparable,2,Stim8hr,Follicular T cells in the ovarian cancer immune microenvironment: biological insights and translational implications.,"Increasing evidence highlights the importance of tertiary lymphoid structures (TLS) and follicular immune responses in coordinating antitumor immunity and shaping therapeutic outcomes.Main bodyFollicular T cell subsets-including follicular helper T cells (Tfh), follicular regulatory T cells (Tfr), and CXCR5+ follicular-like cytotoxic CD8+ T cells (Tfc)-form a dynamic immunoregulatory axis that governs B-cell activation, germinal center-like structure formation, antigen presentation, and local immune microenvironment remodeling."
42328785,CDK9,contradicted,comparable,2,Stim8hr,Quantitative limits of host-driven HIV transcription and host gene control by the viral transactivator Tat.,"Chromatin immunoprecipitation-seq profiling revealed that Tat is dispensable for promoter-proximal RNAPII engagement and pausing but required for efficient CDK9 recruitment, Ser2 phosphorylation, and productive elongation, defining a ceiling for Tat-independent transcription."
42334893,AFF3,not_assayed,comparable,,,AFF3 maintains metabolic quiescence in naïve CD8 T cells and prevents premature immune aging.,"Herein, we identify the transcription factor AFF3 as a regulator of metabolic quiescence in naïve CD8 T cells."
42343899,IRF2,evidence_attached,comparable,241,Stim8hr,The role of interferon regulatory factors in atherosclerosis: from cell type-specific mechanisms to therapeutic strategies.,"In contrast, IRF2 and IRF4 exhibit anti-inflammatory and immunoregulatory properties, restraining excessive interferon signaling, supporting M2 macrophage polarization, and maintaining Treg/Th2 homeostasis."
42343899,IRF4,evidence_attached,comparable,567,Stim8hr,The role of interferon regulatory factors in atherosclerosis: from cell type-specific mechanisms to therapeutic strategies.,"In contrast, IRF2 and IRF4 exhibit anti-inflammatory and immunoregulatory properties, restraining excessive interferon signaling, supporting M2 macrophage polarization, and maintaining Treg/Th2 homeostasis."
42345443,RASA2,evidence_attached,comparable,700,Rest,CRISPR/Cas9-Mediated Gene Knockout Reveals a Nonredundant Role for p16&lt;sup&gt;INK4A&lt;/sup&gt; in Controlling TCR-Dependent and Independent CD8 T Cell Expansion.,"Interestingly, deletion of the negative regulator of Ras signaling, RASA2, increased antigen sensitivity and cytotoxic activity, while not improving in vitro expansion."
42363179,CD274,orthogonal_phenotype,orthogonal_phenotype,167,Stim8hr,Claudin18.2 and the PD-1/PD-L1 axis in gastric cancer: mechanistic insights and implications for combination immunotherapy.,"Importantly, immune activation induced by Claudin18.2-targeted antibodies, CAR-T cells, bispecific antibodies, and ADCs (Antibody-Drug Conjugates) may partially reverse immune suppression and enhance sensitivity to PD-1/PD-L1 inhibition, although direct evidence remains limited.ConclusionThis review suggests that Claudin18.2 may serve as a key regulator of immune dysfunction rather than immune exclusion in gastric cancer, providing a potential biological rationale for combinatorial strategies integrating Claudin18.2-targeted therapies with immune checkpoint inhibition."
42363179,PDCD1,orthogonal_phenotype,orthogonal_phenotype,2,Stim48hr,Claudin18.2 and the PD-1/PD-L1 axis in gastric cancer: mechanistic insights and implications for combination immunotherapy.,"Importantly, immune activation induced by Claudin18.2-targeted antibodies, CAR-T cells, bispecific antibodies, and ADCs (Antibody-Drug Conjugates) may partially reverse immune suppression and enhance sensitivity to PD-1/PD-L1 inhibition, although direct evidence remains limited.ConclusionThis review suggests that Claudin18.2 may serve as a key regulator of immune dysfunction rather than immune exclusion in gastric cancer, providing a potential biological rationale for combinatorial strategies integrating Claudin18.2-targeted therapies with immune checkpoint inhibition."
42367775,CD28,evidence_attached,comparable,1798,Stim48hr,Vitamin D supports activated CD4&lt;sup&gt;+&lt;/sup&gt; T-cell proliferation through enhanced glutaminolysis.,"Since glutaminolysis is essential for T cell activation and proliferation, we investigated whether VitD modulates glutamine metabolism during early CD4+ T cell activation.MethodsHuman CD4+ T cells were stimulated with αCD3/CD28 for four days in the presence or absence of VitD, and analyzed using complementary metabolic, proteomic, and functional approaches.ResultsVitD-treated cultures exhibited increased cell numbers despite reduced glucose uptake and lactate production, indicating proliferation partially independent of classical glycolytic metabolism."
42367775,VDR,contradicted,comparable,2,Stim48hr,Vitamin D supports activated CD4&lt;sup&gt;+&lt;/sup&gt; T-cell proliferation through enhanced glutaminolysis.,"Pharmacological inhibition of VDR (MeTC7, 1 nM), glutamine uptake (GPNA, 250 µM), or glutaminase activity (BPTES and compound 968, 5 µM) significantly reduced T cell expansion, highlighting glutamine metabolism as essential for the VitD-mediated cell expansion."
PPR1187175,SLC7A11,orthogonal_phenotype,orthogonal_phenotype,29,Stim48hr,Anti-SLC7A11 monoclonal antibody Inhibits Tumor Progression through a Janus-faced Effect on CD4 + and CD8 + T Cells in Colorectal Cancer,Anti-SLC7A11 monoclonal antibody Inhibits Tumor Progression through a Janus-faced Effect on CD4 + and CD8 + T Cells in Colorectal Cancer.
PPR1187175,SLC7A11,orthogonal_phenotype,orthogonal_phenotype,29,Stim48hr,Anti-SLC7A11 monoclonal antibody Inhibits Tumor Progression through a Janus-faced Effect on CD4 + and CD8 + T Cells in Colorectal Cancer,"Conclusion We developed a novel anti-SLC7A11 antibody with potent antitumor and immunomodulatory effects in CRC, highlighting SLC7A11 as a key regulator of tumor immune evasion and a promising therapeutic target."
PPR1187175,SLC7A11,orthogonal_phenotype,orthogonal_phenotype,29,Stim48hr,Anti-SLC7A11 monoclonal antibody Inhibits Tumor Progression through a Janus-faced Effect on CD4 + and CD8 + T Cells in Colorectal Cancer,"Results High SLC7A11 expression correlated with regulatory T cell (Treg) activation, advanced tumor grade, lymphatic metastasis, and poor prognosis in CRC."
PPR1210549,LAG3,orthogonal_phenotype,orthogonal_phenotype,3,Stim8hr,Immune receptor LAG3 regulates microglia function during Alzheimer’s disease,Immune receptor LAG3 regulates microglia function during Alzheimer’s disease.
PPR1211520,PTBP1,evidence_attached,comparable,215,Stim8hr,Decoding translational control by cis-regulatory elements and RNA binding proteins in human effector T cells,"Integrating sequence feature analysis with polysome RBP localization uncovered PTBP1 as a positive translation regulator, through its interactions with cis-regulatory elements in 3′UTRs of target mRNAs."
PPR1212215,KLF16,evidence_attached,comparable,38,Stim8hr,Identification of the cellular transcription factor KLF16 as a novel repressive epigenetic repressor of HIV-1 transcription,"Here, using DNA-affinity capture and mass spectrometry on the HIV-1 5’ long terminal repeat (5’LTR) enhancer-core promoter, we identify KLF16 (Krüppel-like Factor 16) as a novel regulator of HIV-1 gene expression."
PPR1212797,CMAS,orthogonal_phenotype,orthogonal_phenotype,96,Rest,CMAS dampens anti-tumor immunity and associates with response to neoadjuvant immunotherapy in melanoma,"Here, using publicly available single-cell RNA sequencing data we show that expression of the sialylation master regulator CMAS in melanoma cells correlates with poorer patient survival."
PPR1212999,PRMT7,not_assayed,comparable,,,PRMT7 restricts CD8  <sup>+</sup>  T cells expansion via the NF-κB pathway,"Together, these findings identify PRMT7 as a negative regulator of CD8 + T cell immunity and highlight MS54 as a promising strategy to improve adoptive T cell therapy."
PPR1245590,KLF16,evidence_attached,comparable,38,Stim8hr,Identification of the cellular factor KLF16 as a novel epigenetic repressor of HIV-1 transcription,"Here, using DNA-affinity capture and mass spectrometry on the HIV -1 5’ long terminal repeat (5'LTR) enhancer-core promoter, we identify KLF16 (Krüppel-like Factor 16) as a novel regulator of HIV-1 gene expression."
PPR1254820,NFKBID,orthogonal_phenotype,orthogonal_phenotype,159,Stim8hr,NFKBID Links SPP1⁺ Tumor-Associated Macrophages to CD8⁺ T-Cell Exhaustion and Immunotherapy Response in Lung Adenocarcinoma,"Conclusion Our findings identify an NFKBID-centered transcriptional program in SPP1+ TAMs that drives CD8+ T-cell exhaustion and Treg induction, and establish NFKBID as a mechanistic and clinically relevant biomarker of immunotherapy responsiveness in LUAD."
PPR1254820,NFKBID,evidence_attached,comparable,159,Stim8hr,NFKBID Links SPP1⁺ Tumor-Associated Macrophages to CD8⁺ T-Cell Exhaustion and Immunotherapy Response in Lung Adenocarcinoma,Functional assays using NFKBID-overexpressing macrophages were performed to validate immunoregulatory effects on CD8+ T cells and CD4+ T-cell differentiation.
PPR1254820,NFKBID,orthogonal_phenotype,orthogonal_phenotype,159,Stim8hr,NFKBID Links SPP1⁺ Tumor-Associated Macrophages to CD8⁺ T-Cell Exhaustion and Immunotherapy Response in Lung Adenocarcinoma,"Integration with bulk WGCNA identified five overlapping genes, with NFKBID emerging as a key regulator linking SPP1+ TAM biology to T-cell exhaustion."
PPR1254820,SPP1,orthogonal_phenotype,orthogonal_phenotype,,,NFKBID Links SPP1⁺ Tumor-Associated Macrophages to CD8⁺ T-Cell Exhaustion and Immunotherapy Response in Lung Adenocarcinoma,"Conclusion Our findings identify an NFKBID-centered transcriptional program in SPP1+ TAMs that drives CD8+ T-cell exhaustion and Treg induction, and establish NFKBID as a mechanistic and clinically relevant biomarker of immunotherapy responsiveness in LUAD."
PPR1254820,SPP1,orthogonal_phenotype,orthogonal_phenotype,,,NFKBID Links SPP1⁺ Tumor-Associated Macrophages to CD8⁺ T-Cell Exhaustion and Immunotherapy Response in Lung Adenocarcinoma,"Integration with bulk WGCNA identified five overlapping genes, with NFKBID emerging as a key regulator linking SPP1+ TAM biology to T-cell exhaustion."
